{
    "loss": 36.51642990112305,
    "accuracy": 0.20000000298023224
}